1;QUEUE
2;QUEUE
3;QUEUE
4;QUEUE
5;QUEUE
6;QUEUE
7;QUEUE
8;QUEUE
9;QUEUE
10;QUEUE
11;QUEUE
12;QUEUE
13;QUEUE
14;QUEUE
15;QUEUE
16;QUEUE
17;QUEUE
18;QUEUE
19;QUEUE
20;QUEUE
21;QUEUE
22;QUEUE
23;QUEUE
24;QUEUE
25;QUEUE
26;QUEUE
27;QUEUE
28;QUEUE
29;QUEUE
30;QUEUE
31;QUEUE
32;QUEUE
33;QUEUE
34;QUEUE
35;QUEUE
36;QUEUE
37;QUEUE
38;QUEUE
39;QUEUE
40;QUEUE
41;QUEUE
42;QUEUE
43;QUEUE
44;QUEUE
45;QUEUE
46;QUEUE
47;QUEUE
48;QUEUE
49;QUEUE
50;QUEUE
51;QUEUE
52;QUEUE
53;QUEUE
54;QUEUE
55;QUEUE
56;QUEUE
57;QUEUE
58;QUEUE
59;QUEUE
60;QUEUE
61;QUEUE
62;QUEUE
63;QUEUE
64;QUEUE
65;QUEUE
66;QUEUE
67;QUEUE
68;QUEUE
69;QUEUE
70;QUEUE
71;QUEUE
72;QUEUE
73;QUEUE
74;QUEUE
75;QUEUE
76;QUEUE
77;QUEUE
78;QUEUE
79;QUEUE
80;QUEUE
81;QUEUE
82;QUEUE
83;QUEUE
84;QUEUE
85;QUEUE
86;QUEUE
87;QUEUE
88;QUEUE
89;QUEUE
90;QUEUE
91;QUEUE
92;QUEUE
93;QUEUE
94;QUEUE
95;QUEUE
96;QUEUE
97;QUEUE
98;QUEUE